{
  "version": "1.0",
  "name": "api_handler",
  "func_name": "lambdas/api_handler/index.handler",
  "resource_type": "lambda",
  "iam_role_name": "api_handler-role",
  "runtime": "nodejs20.x",
  "memory": 128,
  "timeout": 100,
  "lambda_path": "lambdas\\api_handler",
  "dependencies": [],
  "event_sources": [],
  "env_variables": {},
  "publish_version": true,
  "alias": "${lambdas_alias_name}",
  "url_config": {
    "auth_type": "NONE"
  },
  "ephemeral_storage": 512,
  "tags": {},
  "layers": [
    "weather_sdk"
  ]
}