{
  "lambda-basic-execution": {
    "policy_content": {
      "Statement": [
        {
          "Action": [
            "logs:CreateLogGroup",
            "logs:CreateLogStream",
            "logs:PutLogEvents",
            "dynamodb:GetItem",
            "dynamodb:Query",
            "dynamodb:PutItem",
            "dynamodb:Batch*",
            "dynamodb:DeleteItem",
            "ssm:PutParameter",
            "ssm:GetParameter",
            "kms:Decrypt",
            "dynamodb:Scan",
            "cognito-idp:DescribeUserPool",
            "cognito-idp:GetUser",
            "cognito-idp:ListUsers",
            "cognito-idp:AdminCreateUser",
            "cognito-idp:AdminInitiateAuth",
            "cognito-idp:AdminSetUserPassword",
            "cognito-idp:GetIdentityProviderByIdentifier",
            "cognito-idp:ListUserPools",
            "cognito-idp:ListUserPoolClients",
            "cognito-idp:AdminRespondToAuthChallenge",
            "cognito-idp:AdminConfirmSignUp"
          ],
          "Effect": "Allow",
          "Resource": "*"
        }
      ],
      "Version": "2012-10-17"
    },
    "resource_type": "iam_policy",
    "tags": {}
  },
  "${booking_userpool}": {
    "resource_type": "cognito_idp",
    "password_policy": {
      "minimum_length": 8,
      "require_uppercase": true,
      "require_symbols": true,
      "require_lowercase": true,
      "require_numbers": true
    },
    "auto_verified_attributes": [],
    "sms_configuration": {},
    "username_attributes": [],
    "custom_attributes": [],
    "client": {
      "client_name": "client-app",
      "generate_secret": false,
      "explicit_auth_flows": [
        "ALLOW_ADMIN_USER_PASSWORD_AUTH",
        "ALLOW_CUSTOM_AUTH",
        "ALLOW_USER_SRP_AUTH",
        "ALLOW_REFRESH_TOKEN_AUTH"
      ]
    },
    "tags": {}
  },
  "task11_api": {
    "resource_type": "api_gateway",
    "deploy_stage": "api",
    "dependencies": [
      {
        "resource_name": "${booking_userpool}",
        "resource_type": "cognito_idp"
      }
    ],
    "resources": {
      "/signin": {
        "enable_cors": true,
        "POST": {
          "enable_proxy": true,
          "authorization_type": "NONE",
          "integration_type": "lambda",
          "lambda_name": "api_handler",
          "api_key_required": false,
          "method_request_parameters": {},
          "integration_request_body_template": {},
          "responses": [],
          "integration_responses": [],
          "default_error_pattern": true
        }
      },
      "/signup": {
        "enable_cors": true,
        "POST": {
          "enable_proxy": true,
          "authorization_type": "NONE",
          "integration_type": "lambda",
          "lambda_name": "api_handler",
          "api_key_required": false,
          "method_request_parameters": {},
          "integration_request_body_template": {},
          "responses": [],
          "integration_responses": [],
          "default_error_pattern": true
        }
      },
      "/tables": {
        "enable_cors": true,
        "GET": {
          "enable_proxy": true,
          "authorization_type": "authorizer",
          "integration_type": "lambda",
          "lambda_name": "api_handler",
          "api_key_required": false,
          "method_request_parameters": {},
          "integration_request_body_template": {},
          "responses": [],
          "integration_responses": [],
          "default_error_pattern": true
        },
        "POST": {
          "enable_proxy": true,
          "authorization_type": "authorizer",
          "integration_type": "lambda",
          "lambda_name": "api_handler",
          "api_key_required": false,
          "method_request_parameters": {},
          "integration_request_body_template": {},
          "responses": [],
          "integration_responses": [],
          "default_error_pattern": true
        }
      },
      "/tables/{tableId}": {
        "enable_cors": true,
        "GET": {
          "enable_proxy": true,
          "authorization_type": "authorizer",
          "integration_type": "lambda",
          "lambda_name": "api_handler",
          "api_key_required": false,
          "method_request_parameters": {},
          "integration_request_body_template": {},
          "responses": [],
          "integration_responses": [],
          "default_error_pattern": true
        }
      },
      "/reservations": {
        "enable_cors": true,
        "GET": {
          "enable_proxy": true,
          "authorization_type": "authorizer",
          "integration_type": "lambda",
          "lambda_name": "api_handler",
          "api_key_required": false,
          "method_request_parameters": {},
          "integration_request_body_template": {},
          "responses": [],
          "integration_responses": [],
          "default_error_pattern": true
        },
        "POST": {
          "enable_proxy": true,
          "authorization_type": "authorizer",
          "integration_type": "lambda",
          "lambda_name": "api_handler",
          "api_key_required": false,
          "method_request_parameters": {},
          "integration_request_body_template": {},
          "responses": [],
          "integration_responses": [],
          "default_error_pattern": true
        }
      }
    },
    "tags": {},
    "authorizers": {
      "authorizer": {
        "type": "COGNITO_USER_POOLS",
        "identity_source": "method.request.header.Authorization",
        "ttl": 300,
        "user_pools": [
          "simple-booking-userpool"
        ]
      }
    }
  },
  "${tables_table}": {
    "resource_type": "dynamodb_table",
    "hash_key_name": "id",
    "hash_key_type": "S",
    "read_capacity": 1,
    "write_capacity": 1,
    "global_indexes": [],
    "autoscaling": [],
    "tags": {}
  },
  "${reservations_table}": {
    "resource_type": "dynamodb_table",
    "hash_key_name": "id",
    "hash_key_type": "S",
    "read_capacity": 1,
    "write_capacity": 1,
    "global_indexes": [],
    "autoscaling": [],
    "tags": {}
  }
}