{
  "version": "1.0",
  "name": "api_handler",
  "func_name": "lambdas/api_handler/index.handler",
  "resource_type": "lambda",
  "iam_role_name": "api_handler-role",
  "runtime": "nodejs20.x",
  "memory": 128,
  "timeout": 100,
  "lambda_path": "lambdas\\api_handler",
  "dependencies": [
    {
      "resource_name": "${booking_userpool}",
      "resource_type": "cognito_idp"
    }
  ],
  "event_sources": [],
  "env_variables": {
    "cup_id": {
      "resource_name": "${booking_userpool}",
      "resource_type": "cognito_idp",
      "parameter": "id"
    },
    "cup_client_id": {
      "resource_name": "${booking_userpool}",
      "resource_type": "cognito_idp",
      "parameter": "client_id"
    },
    "tables_table": "${tables_table}",
    "reservations_table": "${reservations_table}"
  },
  "publish_version": true,
  "alias": "${lambdas_alias_name}",
  "url_config": {},
  "ephemeral_storage": 512,
  "tags": {}
}